cClassTrib	CST	pRedIBS	pRedCBS	ind_exige_trib	ind_red_aliq	ind_mono	dIniVig	dFimVig
000001	000	0.00	0.00	1	0	0	2025-05-05	
000002	000	0.00	0.00	1	0	0	2025-05-05	
000003	000	0.00	0.00	1	0	0	2025-05-05	
000004	000	0.00	0.00	1	0	0	2025-05-05	
000005	000	0.00	0.00	1	0	0	2026-01-01	
010001	010	0.00	0.00	1	0	0	2025-05-05	
010002	010	0.00	0.00	1	0	0	2025-09-30	
011001	011	60.00	60.00	1	1	0	2025-05-05	
011002	011	60.00	60.00	1	1	0	2025-05-05	
011003	011	60.00	60.00	1	1	0	2025-05-05	
011004	011	0.00	0.00	1	1	0	2025-05-05	
011005	011	30.00	30.00	1	1	0	2025-05-05	
200001	200	100.00	100.00	1	1	0	2025-05-05	
200002	200	100.00	100.00	1	1	0	2025-05-05	
200003	200	100.00	100.00	1	1	0	2025-05-05	
200004	200	100.00	100.00	1	1	0	2025-05-05	
200005	200	100.00	100.00	1	1	0	2025-05-05	
200006	200	100.00	100.00	1	1	0	2025-05-05	
200007	200	100.00	100.00	1	1	0	2025-05-05	
200008	200	100.00	100.00	1	1	0	2025-05-05	
200009	200	100.00	100.00	1	1	0	2025-05-05	
200010	200	100.00	100.00	1	1	0	2025-05-05	
200011	200	100.00	100.00	1	1	0	2025-05-05	
200012	200	100.00	100.00	1	1	0	2025-05-05	
200013	200	100.00	100.00	1	1	0	2025-05-05	
200014	200	100.00	100.00	1	1	0	2025-05-05	
200015	200	100.00	100.00	1	1	0	2025-05-05	
200016	200	100.00	100.00	1	1	0	2025-05-05	
200017	200	100.00	100.00	1	1	0	2025-05-05	
200018	200	100.00	100.00	1	1	0	2025-05-05	
200019	200	100.00	100.00	1	1	0	2025-05-05	
200020	200	100.00	100.00	1	1	0	2025-05-05	
200021	200	100.00	100.00	1	1	0	2025-05-05	
200022	200	100.00	100.00	1	1	0	2025-05-05	
200023	200	100.00	100.00	1	1	0	2025-05-05	
200024	200	100.00	100.00	1	1	0	2025-05-05	
200025	200	60.00	100.00	1	1	0	2025-05-05	
200026	200	80.00	80.00	1	1	0	2025-05-05	
200027	200	70.00	70.00	1	1	0	2025-05-05	
200028	200	60.00	60.00	1	1	0	2025-05-05	
200029	200	60.00	60.00	1	1	0	2025-05-05	
200030	200	60.00	60.00	1	1	0	2025-05-05	
200031	200	60.00	60.00	1	1	0	2025-05-05	
200032	200	60.00	60.00	1	1	0	2025-05-05	
200033	200	60.00	60.00	1	1	0	2025-05-05	
200034	200	60.00	60.00	1	1	0	2025-05-05	
200035	200	60.00	60.00	1	1	0	2025-05-05	
200036	200	60.00	60.00	1	1	0	2025-05-05	
200037	200	60.00	60.00	1	1	0	2025-05-05	
200038	200	60.00	60.00	1	1	0	2025-05-05	
200039	200	60.00	60.00	1	1	0	2025-05-05	
200040	200	60.00	60.00	1	1	0	2025-05-05	
200041	200	60.00	60.00	1	1	0	2025-05-05	
200042	200	60.00	60.00	1	1	0	2025-05-05	
200043	200	60.00	60.00	1	1	0	2025-05-05	
200044	200	60.00	60.00	1	1	0	2025-05-05	
200045	200	60.00	60.00	1	1	0	2025-05-05	
200046	200	50.00	50.00	1	1	0	2025-05-05	
200047	200	40.00	40.00	1	1	0	2025-05-05	
200048	200	40.00	40.00	1	1	0	2025-05-05	
200049	200	40.00	40.00	1	1	0	2025-05-05	
200050	200	40.00	40.00	1	1	0	2025-05-05	
200051	200	40.00	40.00	1	1	0	2025-05-05	
200052	200	30.00	30.00	1	1	0	2025-05-05	
200053	200	100.00	100.00	1	1	0	2026-01-01	
200054	200	100.00	100.00	1	1	0	2026-01-01	
220001	220	0.00	0.00	1	0	0	2025-05-05	2026-01-01
220002	220	0.00	0.00	1	0	0	2025-05-05	2026-01-01
220003	220	0.00	0.00	1	0	0	2025-05-05	2026-01-01
221001	221	0.00	0.00	1	0	0	2025-05-05	
221002	221	0.00	0.00	1	0	0	2026-01-01	
221003	221	0.00	0.00	1	0	0	2026-01-01	
221004	221	0.00	0.00	1	0	0	2026-01-01	
222001	222	0.00	0.00	1	0	0	2025-05-05	
400001	400	0.00	0.00	0	0	0	2025-05-05	
400002	400	0.00	0.00	0	0	0	2026-01-01	
410001	410	0.00	0.00	0	0	0	2025-05-05	
410002	410	0.00	0.00	0	0	0	2025-05-05	
410003	410	0.00	0.00	0	0	0	2025-05-05	
410004	410	0.00	0.00	0	0	0	2025-05-05	
410005	410	0.00	0.00	0	0	0	2025-05-05	
410006	410	0.00	0.00	0	0	0	2025-05-05	
410007	410	0.00	0.00	0	0	0	2025-05-05	
410008	410	0.00	0.00	0	0	0	2025-05-05	
410009	410	0.00	0.00	0	0	0	2025-05-05	
410010	410	0.00	0.00	0	0	0	2025-05-05	
410011	410	0.00	0.00	0	0	0	2025-05-05	
410012	410	0.00	0.00	0	0	0	2025-05-05	
410013	410	0.00	0.00	0	0	0	2025-05-05	
410014	410	0.00	0.00	0	0	0	2025-05-05	
410015	410	0.00	0.00	0	0	0	2025-05-05	
410016	410	0.00	0.00	0	0	0	2025-05-05	
410017	410	0.00	0.00	0	0	0	2025-05-05	
410018	410	0.00	0.00	0	0	0	2025-05-05	
410019	410	0.00	0.00	0	0	0	2025-05-05	
410020	410	0.00	0.00	0	0	0	2025-05-05	
410021	410	0.00	0.00	0	0	0	2025-05-05	
410022	410	0.00	0.00	0	0	0	2025-09-30	
410023	410	0.00	0.00	0	0	0	2025-09-30	
410024	410	0.00	0.00	0	0	0	2025-09-30	
410025	410	0.00	0.00	0	0	0	2025-09-30	
410026	410	0.00	0.00	0	0	0	2025-09-30	
410027	410	0.00	0.00	0	0	0	2025-11-19	
410028	410	0.00	0.00	0	0	0	2025-11-19	
410029	410	0.00	0.00	0	0	0	2025-11-19	
410030	410	0.00	0.00	0	0	0	2025-11-19	
410031	410	0.00	0.00	0	0	0	2025-11-19	
410032	410	0.00	0.00	0	0	0	2026-01-01	
410033	410	0.00	0.00	0	0	0	2026-01-01	
410034	410	0.00	0.00	0	0	0	2026-01-01	
410035	410	0.00	0.00	0	0	0	2026-01-01	
410036	410	0.00	0.00	0	0	0	2026-01-01	
410037	410	0.00	0.00	0	0	0	2026-01-01	
410999	410	0.00	0.00	0	0	0	2025-05-05	
510001	510	0.00	0.00	1	0	0	2025-05-05	
515001	515	60.00	60.00	1	1	0	2025-09-30	
550001	550	0.00	0.00	1	0	0	2025-05-05	
550002	550	0.00	0.00	1	0	0	2025-05-05	
550003	550	0.00	0.00	1	0	0	2025-05-05	
550004	550	0.00	0.00	1	0	0	2025-05-05	
550005	550	0.00	0.00	1	0	0	2025-05-05	
550006	550	0.00	0.00	1	0	0	2025-05-05	
550007	550	0.00	0.00	1	0	0	2025-05-05	
550008	550	0.00	0.00	1	0	0	2025-05-05	
550009	550	0.00	0.00	1	0	0	2025-05-05	
550010	550	0.00	0.00	1	0	0	2025-05-05	
550011	550	0.00	0.00	1	0	0	2025-05-05	
550012	550	0.00	0.00	1	0	0	2025-05-05	
550013	550	0.00	0.00	1	0	0	2025-05-05	
550014	550	0.00	0.00	1	0	0	2025-05-05	
550015	550	0.00	0.00	1	0	0	2025-05-05	
550016	550	0.00	0.00	1	0	0	2025-05-05	
550017	550	0.00	0.00	1	0	0	2025-05-05	
550018	550	0.00	0.00	1	0	0	2025-05-05	
550019	550	0.00	0.00	1	0	0	2025-05-05	
550020	550	0.00	0.00	1	0	0	2025-05-05	
550021	550	0.00	0.00	1	0	0	2025-09-30	
550022	550	0.00	0.00	1	0	0	2026-01-01	
550023	550	0.00	0.00	1	0	0	2026-01-01	
550024	550	0.00	0.00	1	0	0	2026-01-01	
550025	550	0.00	0.00	1	0	0	2026-01-01	
620001	620	0.00	0.00	0	0	1	2025-05-05	
620002	620	0.00	0.00	0	0	1	2025-05-05	
620003	620	0.00	0.00	0	0	1	2025-05-05	
620004	620	0.00	0.00	0	0	1	2025-05-05	
620005	620	0.00	0.00	0	0	1	2025-05-05	
620006	620	0.00	0.00	0	0	1	2025-05-05	
620007	620	0.00	0.00	0	0	1	2026-01-01	
800001	800	0.00	0.00	0	0	0	2025-05-05	
800002	800	0.00	0.00	0	0	0	2025-05-05	
810001	810	0.00	0.00	0	0	0	2025-05-05	
811001	811	0.00	0.00	0	0	0	2025-09-30	
811002	811	0.00	0.00	0	0	0	2025-09-30	
811003	811	0.00	0.00	0	0	0	2025-09-30	
820001	820	0.00	0.00	0	0	0	2025-05-05	
820002	820	0.00	0.00	0	0	0	2025-05-05	
820003	820	0.00	0.00	0	0	0	2025-05-05	
820004	820	0.00	0.00	0	0	0	2025-05-05	
820005	820	0.00	0.00	0	0	0	2025-05-05	
820006	820	0.00	0.00	0	0	0	2025-09-30	
820007	820	0.00	0.00	0	0	0	2025-11-19	
820008	820	0.00	0.00	0	0	0	2025-11-19	
820009	820	0.00	0.00	0	0	0	2026-01-01	
830001	830	0.00	0.00	1	0	0	2025-05-05	
